produit_id,nom,categorie,prix,marque
1,Jaune corps,Maison,383.4,Brunet SARL
2,Peur école,Maison,300.08,Boulanger S.A.R.L.
3,Auprès voilà,Maison,116.72,Dubois
4,Moyen rencontrer,Maison,193.29,Rossi SA
5,Mêler mari,Sport,152.19,Meyer Baron SA
6,Départ riche,Maison,495.07,Gosselin
7,Semaine eau,Alimentation,286.47,Lemoine
8,Poursuivre mot,Electronique,306.77,Lebon
9,Joue ligne,Electronique,474.06,Roux
10,Port jamais,Vêtements,314.63,Menard S.A.R.L.
11,Six commencement,Alimentation,331.91,Ramos Maillot et Fils
12,Genre cri,Vêtements,123.73,Boyer SARL
13,Avec race,Maison,42.16,Gaudin
14,Avis plein,Electronique,207.22,Hardy Peltier SA
15,Dégager tête,Maison,237.61,Lemaître Hebert et Fils
16,Mari sol,Electronique,119.58,Normand
17,Que chat,Alimentation,352.98,Hernandez Chartier S.A.S.
18,Tout maître,Sport,40.23,Lévêque
19,Quart instant,Vêtements,462.34,Boulanger
20,Nombreux habitude,Maison,332.29,Pasquier S.A.S.
21,Passer goutte,Vêtements,215.44,Charpentier
22,Double inventer,Maison,116.28,Blanchet
23,Debout coup,Vêtements,454.66,Klein Aubert SARL
24,Circonstance ensuite,Vêtements,40.35,Hamon
25,Plusieurs au,Vêtements,397.35,Didier
26,Poésie auteur,Maison,375.73,Gilbert Martin S.A.R.L.
27,Rencontre résoudre,Maison,460.99,Lombard
28,Avec rejeter,Sport,66.56,Boyer Noël S.A.S.
29,Fête parfois,Alimentation,351.37,Pereira S.A.
30,Installer carte,Alimentation,252.73,Deschamps Besson SA
31,Précis autorité,Sport,221.69,Dijoux Ruiz S.A.R.L.
32,Ouvert yeux,Maison,24.73,Chevallier
33,Entraîner mort,Sport,368.59,Leduc
34,Brusquement poussière,Maison,128.93,Lombard
35,Souvenir gris,Electronique,118.32,Lévy Huet S.A.S.
36,Nom ceci,Maison,295.63,Jacquot
37,Animal saint,Electronique,499.79,Chrétien
38,Personnage propos,Alimentation,290.24,Gilbert
39,Goutte réalité,Vêtements,237.9,Briand
40,Installer donc,Sport,458.46,Bodin S.A.R.L.
41,Puisque courir,Vêtements,498.49,Dumas S.A.R.L.
42,Endroit accord,Sport,319.22,Maillet et Fils
43,Violent partout,Sport,484.68,Michel
44,Créer paysan,Sport,177.24,Julien S.A.S.
45,Pendre jeune,Alimentation,163.92,Dumont SA
46,Songer fou,Electronique,429.58,Fernandez Gonzalez S.A.
47,Abandonner bande,Alimentation,208.76,Joubert
48,Vaincre type,Sport,147.67,Pierre Pottier S.A.
49,Bien ouvrir,Sport,407.72,Texier Pages SA
50,Village effacer,Maison,23.17,Rolland Turpin S.A.R.L.
51,Sac rompre,Electronique,160.69,Boulay
52,Note je,Alimentation,62.38,Mercier Duhamel et Fils
53,Livre ferme,Sport,433.13,Maréchal SARL
54,Réserver nez,Electronique,330.54,Adam et Fils
55,Bien naturel,Maison,233.68,Rocher
56,Joindre causer,Electronique,97.85,Millet
57,Propos air,Alimentation,313.2,Pruvost
58,Te dresser,Sport,314.58,Boulay et Fils
59,Art chose,Electronique,105.76,Perrier SARL
60,Sourd appuyer,Maison,69.85,Barthelemy Chevalier S.A.R.L.
61,Résistance livrer,Alimentation,221.87,Huet
62,Remplir passé,Sport,65.11,Gomez Vidal SA
63,Toute profond,Maison,400.66,Lemoine
64,Vêtement perdu,Vêtements,158.82,Maréchal
65,Cerveau rouge,Electronique,278.36,Gautier
66,Marquer avoir,Electronique,116.23,Hamon
67,Ton ailleurs,Electronique,233.42,Mallet Marion SA
68,Oeil rouler,Electronique,325.62,Gros S.A.
69,Accomplir parfaitement,Vêtements,251.7,Marin
70,Retourner lentement,Alimentation,256.89,Klein
71,Nature complet,Alimentation,210.67,Duval SA
72,Maladie dresser,Sport,490.22,Torres
73,Dans fois,Vêtements,231.11,Henry
74,Maison reprendre,Vêtements,194.88,Verdier Dos Santos S.A.R.L.
75,Machine trembler,Maison,256.58,Hamel S.A.
76,Deux instinct,Vêtements,432.69,Normand Lambert S.A.
77,Puis dame,Alimentation,387.47,Leclercq Poulain et Fils
78,Rencontrer mal,Sport,173.24,Launay Gauthier et Fils
79,Printemps afin de,Maison,137.25,Bazin
80,Pays moitié,Electronique,145.01,Lebon Vasseur S.A.R.L.
81,Plein paysan,Alimentation,419.55,Wagner
82,Pur vérité,Maison,499.46,Michaud Roger S.A.
83,Pitié poitrine,Sport,433.3,Denis
84,Couper famille,Sport,271.6,Chauveau
85,Soumettre importer,Alimentation,169.56,Da Costa et Fils
86,École emmener,Maison,191.72,Raynaud
87,Puis réfléchir,Alimentation,435.45,Blanchet
88,Île calmer,Vêtements,288.04,Germain
89,Pouvoir ton,Vêtements,428.73,Lopes Breton SARL
90,Cheveu courant,Sport,26.61,Schmitt Bernard S.A.
91,Particulier dieu,Sport,354.09,Roche
92,Tuer sourire,Sport,196.11,Clément S.A.R.L.
93,Pouvoir accrocher,Vêtements,250.19,Louis Rivière SA
94,Face car,Electronique,67.49,Duhamel
95,Troisième descendre,Maison,169.34,Buisson
96,Taille froid,Electronique,437.72,Samson S.A.R.L.
97,Pour comment,Sport,54.36,Neveu
98,Inquiétude appartenir,Sport,12.6,Michaud Delmas S.A.
99,Ensemble caresser,Vêtements,207.94,Dupont S.A.S.
100,Chaleur tout,Vêtements,42.04,Gaillard S.A.R.L.
101,Son agent,Alimentation,172.59,Launay Fontaine S.A.S.
102,Prêt peu,Sport,326.67,Rodriguez et Fils
103,Général discuter,Alimentation,426.91,Boulanger Mace S.A.S.
104,Officier douceur,Maison,193.1,Denis
105,Seul embrasser,Alimentation,315.27,Bègue
106,Droite épaule,Sport,436.83,Chauvin Didier SARL
107,Oeil matière,Electronique,310.64,Guillaume
108,Causer mariage,Vêtements,317.42,Lemonnier SARL
109,Près général,Alimentation,498.73,Gillet
110,Derrière recueillir,Electronique,219.82,Pierre Hernandez S.A.S.
111,Considérer absence,Electronique,381.38,Maillard
112,Cuisine immense,Electronique,224.62,Jacquot Faure SARL
113,Quatre meilleur,Alimentation,452.19,Joubert Gillet S.A.
114,Classe aujourd'hui,Electronique,165.57,Gimenez
115,Jardin effort,Electronique,150.22,Maurice
116,Créer tantôt,Alimentation,218.19,Paul
117,Saluer type,Vêtements,267.93,Peron S.A.R.L.
118,Obliger paix,Maison,342.49,Humbert Potier SA
119,Allumer île,Vêtements,89.14,Maury S.A.
120,Couvrir montagne,Electronique,306.7,Renault
121,Soutenir terminer,Sport,311.76,Lemaître Camus S.A.
122,Ventre règle,Vêtements,251.35,Vallée
123,Après observer,Maison,75.84,Jacquot
124,Précipiter divers,Sport,320.76,Techer
125,Arbre quatre,Sport,131.39,Da Silva
126,Machine victime,Electronique,449.96,Vallée
127,Coûter camarade,Sport,451.1,Lopes
128,Dos air,Maison,83.2,Ollivier S.A.R.L.
129,Bureau honte,Sport,472.89,Louis
130,Campagne tant,Maison,153.08,Lagarde Leconte S.A.R.L.
131,Regarder chez,Sport,346.71,Dufour
132,Peine pleurer,Sport,423.43,Joubert
133,Dire craindre,Vêtements,499.69,Jacquot
134,Dix chute,Sport,57.79,Lejeune
135,Ci obéir,Sport,288.1,Duhamel
136,Sourire vent,Maison,151.46,Jourdan S.A.S.
137,Profond chambre,Alimentation,15.86,Pelletier
138,Sol part,Sport,140.87,Lefort
139,Afin de à,Maison,433.21,Poulain
140,Intérêt accuser,Electronique,455.76,Pereira
141,Un absolu,Sport,417.26,Peron
142,Oh soumettre,Alimentation,388.99,Martel
143,Branche trouver,Vêtements,305.5,Garnier
144,Armée cesser,Alimentation,113.41,Blanchard
145,Écraser prince,Vêtements,312.34,Nicolas
146,Même vague,Vêtements,315.98,Gillet Renault S.A.S.
147,Tellement qualité,Electronique,157.92,Gosselin Bonneau S.A.
148,Nous meilleur,Sport,21.52,Duhamel
149,Moment sentier,Alimentation,367.52,Chevalier
150,Très admettre,Electronique,455.27,Fleury S.A.R.L.
151,Faim tout,Alimentation,375.0,Léger Lopes S.A.R.L.
152,Personne il,Vêtements,104.39,Lévêque S.A.S.
153,Préparer consulter,Maison,438.85,Benoit S.A.R.L.
154,Passion bien,Alimentation,267.77,Riou SARL
155,Un supposer,Alimentation,416.08,Voisin SARL
156,Compter appel,Alimentation,457.45,Renaud Le Roux SA
157,Prendre etc,Sport,483.86,Barre S.A.
158,Juger juger,Alimentation,374.55,Blin
159,Grandir aller,Alimentation,403.1,Lagarde SARL
160,Pareil habitant,Sport,481.63,Clerc
161,Ouvert rouge,Vêtements,378.3,Gilles S.A.S.
162,Conclure hôtel,Vêtements,430.77,Barbier
163,Cerveau adresser,Sport,483.8,Teixeira Gilles et Fils
164,Encore faible,Maison,186.06,Étienne S.A.R.L.
165,Blond intéresser,Sport,11.89,Coste et Fils
166,Quant à mouvement,Maison,66.18,Ramos
167,Comprendre voiture,Alimentation,338.05,Hernandez
168,Etc presque,Alimentation,294.36,Roche
169,Aujourd'hui professeur,Alimentation,58.63,Guillot et Fils
170,Affaire dans,Vêtements,238.38,Henry
171,Moyen souhaiter,Maison,442.7,Rey
172,Ordre vol,Maison,167.36,Duhamel S.A.S.
173,Faible marché,Maison,114.58,Guillet
174,Banc étranger,Electronique,319.52,Guillaume et Fils
175,Verser fumée,Sport,455.15,Léger
176,Oncle pain,Alimentation,326.37,Bonnet
177,Intérieur lever,Electronique,74.19,Faure Pottier S.A.R.L.
178,Dès autrefois,Electronique,155.66,Lambert Thierry et Fils
179,Fou marier,Sport,62.48,Peltier Mercier S.A.S.
180,Éteindre enfant,Vêtements,444.19,Diaz S.A.R.L.
181,Chaud moyen,Vêtements,197.38,Fleury S.A.
182,Poids courage,Alimentation,336.89,Humbert
183,Théâtre douter,Maison,212.47,Meyer S.A.
184,Autre continuer,Vêtements,443.28,Courtois
185,Dieu tant,Electronique,417.68,Boutin Andre SARL
186,Secret solitude,Maison,207.02,Lemaître Faivre SARL
187,Peuple marcher,Alimentation,21.19,Maury
188,Tuer content,Alimentation,112.55,Bernier S.A.R.L.
189,Page rapporter,Sport,475.52,Maury
190,Aller main,Alimentation,54.18,Petitjean
191,Métier acheter,Alimentation,274.51,Roy Boulanger SA
192,Risquer impression,Alimentation,34.97,Langlois Michaud et Fils
193,Convenir quarante,Alimentation,98.96,Bourdon
194,Seulement chose,Electronique,474.76,Pasquier
195,Bête élément,Sport,50.38,Boucher
196,Y désormais,Vêtements,322.64,Cousin
197,Personnage entrée,Maison,485.69,Lopes
198,Port faveur,Electronique,394.46,Michel
199,Meilleur plaisir,Vêtements,494.47,Jourdan Diaz S.A.R.L.
200,Grâce troubler,Maison,106.58,Blin
